{
  "id": "3320874",
  "name": "网页",
  "font_family": "iconfont",
  "css_prefix_text": "icon-",
  "description": "",
  "glyphs": [
    {
      "icon_id": "2306764",
      "name": "BILIBILI_LOGO",
      "font_class": "bilibili",
      "unicode": "e6b4",
      "unicode_decimal": 59060
    },
    {
      "icon_id": "3176643",
      "name": "GitHub",
      "font_class": "GitHub",
      "unicode": "ea09",
      "unicode_decimal": 59913
    },
    {
      "icon_id": "4766918",
      "name": "mail",
      "font_class": "mail",
      "unicode": "e7de",
      "unicode_decimal": 59358
    },
    {
      "icon_id": "4937000",
      "name": "github-fill",
      "font_class": "github-fill",
      "unicode": "e885",
      "unicode_decimal": 59525
    },
    {
      "icon_id": "7008962",
      "name": "mail_fill",
      "font_class": "mail_fill",
      "unicode": "e70a",
      "unicode_decimal": 59146
    },
    {
      "icon_id": "10932452",
      "name": "bilibili-line",
      "font_class": "bilibili-line",
      "unicode": "e69e",
      "unicode_decimal": 59038
    }
  ]
}
